<?xml version="1.0" encoding="UTF-8"?>
<project-private xmlns="http://www.netbeans.org/ns/project-private/1">
    <editor-bookmarks xmlns="http://www.netbeans.org/ns/editor-bookmarks/2" lastBookmarkId="1">
        <file>
            <url>src/obzsimulation/ObzSimulation.java</url>
            <bookmark id="1">
                <name/>
                <line>130</line>
                <key/>
            </bookmark>
        </file>
    </editor-bookmarks>
    <open-files xmlns="http://www.netbeans.org/ns/projectui-open-files/2">
        <group>
            <file>file:/home/m/mshsit002/Downloads/WeGetTingThere/ObzSimulation/ObzSimulation/src/obzsimulation/maxresdefault.jpg</file>
            <file>file:/home/m/mshsit002/Downloads/WeGetTingThere/ObzSimulation/ObzSimulation/src/obzsimulation/ObzSimulation.java</file>
            <file>file:/home/m/mshsit002/Downloads/WeGetTingThere/ObzSimulation/ObzSimulation/src/obzsimulation/Driver.java</file>
        </group>
    </open-files>
</project-private>
